Nome,Genero,Empresa,Cargo,Email
Jeannine,Male,Riffpedia,Occupational Therapist,jpawlowicz0@facebook.com
Julie,Polygender,Topiczoom,Sales Representative,jmcglew1@youku.com
Sorcha,Genderqueer,Babbleopia,Administrative Officer,sswatten2@eventbrite.com
Dalia,Female,Linkbridge,General Manager,dellerey3@miitbeian.gov.cn
Winna,Non-binary,Einti,Quality Control Specialist,wmurdy4@nps.gov
Upton,Agender,Jazzy,Clinical Specialist,uranken5@noaa.gov
Luciano,Polygender,Meevee,Developer III,lelleray6@nsw.gov.au
Bastian,Agender,Skyba,Quality Engineer,bfardon7@friendfeed.com
Marwin,Non-binary,Zooxo,Senior Financial Analyst,mchatin8@economist.com
Nikki,Male,Skivee,Help Desk Technician,naugustin9@sakura.ne.jp
Rasla,Female,Yadel,Director of Sales,rbitchenoa@prlog.org
Krissy,Agender,Edgetag,VP Accounting,kmerleb@guardian.co.uk
Adey,Genderfluid,Feedbug,Database Administrator II,askallyc@macromedia.com
Mady,Female,Browsebug,Librarian,mdawbyd@cloudflare.com
Claudell,Male,Yotz,GIS Technical Architect,cmcgowe@pen.io
Babita,Male,Devpulse,Physical Therapy Assistant,bbaggaleyf@quantcast.com
Torrey,Agender,Tagfeed,Technical Writer,tfoatg@latimes.com
Hermione,Non-binary,Skimia,Technical Writer,hstudmanh@bloglovin.com
Willy,Genderqueer,Dabfeed,Teacher,whildrewi@exblog.jp
Renaud,Polygender,Lajo,Account Executive,rgerbij@cdbaby.com
Lezlie,Male,Quamba,Chief Design Engineer,lapplebeek@squidoo.com
Bryce,Bigender,JumpXS,Budget/Accounting Analyst III,bmyersl@paypal.com
Aimil,Genderfluid,Eimbee,Business Systems Development Analyst,amaywardm@springer.com
Amata,Agender,Divanoodle,Actuary,apothburyn@answers.com
Minnie,Genderqueer,Rhynoodle,Recruiting Manager,mmccorrieo@amazonaws.com
Helsa,Agender,Twitterbeat,Environmental Tech,hholberryp@webeden.co.uk
Carlo,Agender,Shuffledrive,Editor,csoutheyq@51.la
Nelli,Non-binary,Meevee,Electrical Engineer,nhoffmanr@cdbaby.com
Gregorius,Polygender,Quire,VP Product Management,gjenners@dailymail.co.uk
Jonah,Agender,Realmix,Nuclear Power Engineer,jbilofskyt@phpbb.com
Port,Genderqueer,Leenti,Account Executive,pleyninyeu@imgur.com
Ibbie,Bigender,Tekfly,Account Executive,ibennev@usda.gov
Gabriel,Polygender,Realcube,Paralegal,gsettlew@craigslist.org
Cindy,Non-binary,Twitterbridge,Database Administrator I,cgwynx@cafepress.com
Iosep,Genderfluid,Vimbo,Dental Hygienist,ihaylandsy@squidoo.com
Paige,Male,Trudoo,Chemical Engineer,pnevinsonz@netlog.com
Robin,Polygender,Voomm,GIS Technical Architect,rbiggins10@wordpress.com
Hastings,Bigender,Youspan,Software Consultant,hvevers11@scientificamerican.com
Rad,Genderqueer,Youtags,Legal Assistant,rsleite12@csmonitor.com
Martica,Female,Twitterbeat,Staff Accountant I,mpead13@aboutads.info
Robinson,Female,Linkbridge,Financial Advisor,rgrimditch14@pbs.org
Maxim,Genderfluid,Voonyx,Nurse,mancketill15@squidoo.com
Atlante,Male,Zoombox,Analog Circuit Design manager,asturr16@mozilla.com
Tully,Genderfluid,Digitube,Occupational Therapist,tdarben17@wordpress.org
Wittie,Female,Skinder,Safety Technician IV,wschankel18@google.pl
Donica,Female,Linktype,Quality Control Specialist,dshearsby19@virginia.edu
Rorke,Bigender,Tagcat,Safety Technician II,rcosgriff1a@weather.com
Kacy,Female,Tagtune,Software Engineer IV,kklarzynski1b@umn.edu
Dewitt,Male,Edgewire,Nurse Practicioner,djeromson1c@google.es
Janifer,Genderfluid,Jaxworks,Staff Scientist,jeglington1d@bluehost.com
Pinchas,Non-binary,Devify,Marketing Assistant,ptoppin1e@sciencedirect.com
Christan,Genderqueer,Vinte,Automation Specialist II,cboniface1f@elegantthemes.com
Bary,Genderfluid,Chatterpoint,Account Executive,brix1g@boston.com
Marlow,Genderqueer,Youfeed,Programmer Analyst III,msansum1h@unesco.org
Crista,Agender,Yodoo,Senior Cost Accountant,cjedrych1i@shareasale.com
Brigitta,Bigender,Brainsphere,Junior Executive,bdinsale1j@yale.edu
Mauricio,Polygender,Edgewire,VP Quality Control,mtelezhkin1k@engadget.com
Jeremie,Non-binary,Browsecat,Budget/Accounting Analyst III,jbridgewater1l@quantcast.com
Dorolisa,Female,Oba,Design Engineer,dingham1m@wired.com
Grace,Bigender,Linkbridge,Dental Hygienist,gfridd1n@springer.com
Lorne,Agender,Innotype,Geologist I,lheyburn1o@weather.com
Joletta,Agender,Eayo,Web Designer III,jclemendot1p@kickstarter.com
Christy,Female,Skaboo,Analyst Programmer,cbunhill1q@surveymonkey.com
Andre,Male,Centimia,Community Outreach Specialist,afennessy1r@1und1.de
Brucie,Non-binary,Layo,VP Sales,bfitchen1s@spiegel.de
Vaclav,Female,Feedmix,Recruiter,vmcguane1t@toplist.cz
Gardiner,Bigender,Yamia,Human Resources Assistant IV,gorknay1u@amazonaws.com
Burtie,Bigender,Jaxworks,Operator,bpedel1v@yellowbook.com
Trey,Genderqueer,Dabshots,Physical Therapy Assistant,tfilippi1w@ask.com
Toma,Bigender,Avaveo,VP Quality Control,twayvill1x@issuu.com
Gabriele,Non-binary,JumpXS,Systems Administrator II,gcosford1y@gizmodo.com
Sidonia,Non-binary,Fiveclub,Chemical Engineer,sdrains1z@cdbaby.com
Ruggiero,Male,Katz,Recruiter,rlynch20@cnn.com
Doris,Agender,Vinder,Marketing Assistant,dleverich21@fema.gov
Justin,Polygender,Skimia,Financial Analyst,jstelle22@xing.com
Teodora,Male,Pixoboo,Compensation Analyst,taylett23@posterous.com
Stacie,Polygender,InnoZ,Technical Writer,sklimov24@mayoclinic.com
Vanessa,Male,Zoonoodle,Civil Engineer,vblencowe25@census.gov
Uri,Female,Wikido,Director of Sales,uyakubov26@com.com
Mellie,Male,Topicware,Account Representative III,mluckings27@state.tx.us
Mala,Male,Twitterbridge,Assistant Manager,mtweedlie28@miibeian.gov.cn
Mathian,Genderfluid,Blogtag,Structural Analysis Engineer,msarginson29@cdc.gov
Georges,Genderqueer,Fiveclub,Director of Sales,ggullefant2a@amazon.co.jp
Harriette,Agender,Nlounge,Web Designer I,hcartlidge2b@privacy.gov.au
Reese,Male,Demimbu,Health Coach II,rellsbury2c@tripadvisor.com
Chrissy,Polygender,Jaxnation,Actuary,cmonro2d@yale.edu
Jodie,Non-binary,Pixope,Account Representative I,jasee2e@un.org
Ileana,Polygender,Realbuzz,Information Systems Manager,ifontin2f@sina.com.cn
Vevay,Polygender,Bluezoom,Budget/Accounting Analyst III,vbault2g@discuz.net
Britni,Male,Voonyx,Accountant III,bitzchaky2h@kickstarter.com
Kari,Female,Minyx,Research Nurse,khadkins2i@redcross.org
Robinett,Genderqueer,Centizu,Computer Systems Analyst I,rstookes2j@sphinn.com
Arleen,Agender,Photospace,Web Developer III,agruszczak2k@t-online.de
Warden,Agender,Twitternation,Database Administrator I,wclapson2l@etsy.com
Dilly,Non-binary,Twitternation,Recruiting Manager,dchrismas2m@alibaba.com
Courtney,Bigender,Fivespan,Senior Editor,clumb2n@ocn.ne.jp
Kyrstin,Agender,Browsedrive,Product Engineer,kshingler2o@comcast.net
Amandy,Genderfluid,Jabbercube,Executive Secretary,alegion2p@parallels.com
Jaime,Genderqueer,Quinu,Pharmacist,jodoran2q@china.com.cn
Tiffy,Non-binary,Skimia,Account Executive,tilyukhov2r@wikia.com
Delcina,Genderfluid,Eayo,Assistant Manager,dgosswell2s@smugmug.com
Remington,Non-binary,Oyonder,Design Engineer,rsimonini2t@admin.ch
Jodi,Non-binary,Riffpath,Speech Pathologist,jperle2u@home.pl
Shandie,Bigender,Skyba,Assistant Professor,sbett2v@godaddy.com
Laney,Female,Dabshots,Payment Adjustment Coordinator,lferrario2w@gnu.org
Shellie,Agender,Devshare,Programmer II,sminet2x@networksolutions.com
Fleming,Agender,Jaloo,Teacher,fzack2y@google.com
Justine,Male,Camimbo,Actuary,jverdy2z@imdb.com
Corinna,Bigender,Tazz,Social Worker,csimonsson30@vk.com
Iggie,Male,Plajo,Senior Editor,inichol31@zdnet.com
Harri,Male,Blogpad,Pharmacist,hdavitt32@i2i.jp
Jillie,Agender,Realmix,Computer Systems Analyst II,jcrowdy33@go.com
Chandra,Polygender,Roodel,Budget/Accounting Analyst I,cpikett34@is.gd
Morie,Genderqueer,Ooba,Health Coach I,mhoppner35@spotify.com
Ronnie,Genderqueer,Talane,Associate Professor,rgremane36@baidu.com
Panchito,Male,Fatz,Account Representative I,pdarco37@blogs.com
Thorsten,Genderfluid,Browsedrive,Recruiting Manager,tparradice38@arstechnica.com
Melisa,Polygender,Tagchat,Structural Engineer,mbeuscher39@goodreads.com
Archie,Agender,Edgeclub,Assistant Media Planner,acamellini3a@usa.gov
Elysha,Polygender,Aivee,Accounting Assistant IV,ebunting3b@dailymail.co.uk
Winnifred,Non-binary,Katz,Electrical Engineer,wmacinnes3c@soundcloud.com
Ilario,Male,Brainlounge,Budget/Accounting Analyst I,ibonsall3d@friendfeed.com
Nanny,Polygender,Jetpulse,Geologist II,nbarribal3e@deliciousdays.com
Jacquenette,Bigender,Buzzbean,Mechanical Systems Engineer,jpadly3f@wiley.com
Addia,Polygender,Skiba,Computer Systems Analyst IV,abuckley3g@time.com
Budd,Agender,Centidel,Nurse Practicioner,bdelahaye3h@blogger.com
Lonna,Genderfluid,Feedfish,Civil Engineer,lmcevay3i@g.co
George,Male,Avamba,Payment Adjustment Coordinator,ggerriet3j@oracle.com
Delcina,Bigender,Brightbean,Information Systems Manager,dbillham3k@amazonaws.com
Nadiya,Agender,Jamia,Pharmacist,nmansbridge3l@skyrock.com
Morgana,Genderfluid,Cogidoo,Senior Financial Analyst,mfiggins3m@netscape.com
Barrie,Genderqueer,Avavee,Senior Developer,btuft3n@altervista.org
Mair,Genderqueer,Meezzy,Assistant Professor,molcot3o@sciencedaily.com
Rudie,Agender,Einti,Assistant Media Planner,rhairyes3p@cdc.gov
Henrik,Genderfluid,Thoughtstorm,Assistant Media Planner,hmatthews3q@ucsd.edu
Duane,Male,Vinder,Quality Engineer,dmacilurick3r@dedecms.com
Sidnee,Polygender,Meetz,Librarian,scleaves3s@microsoft.com
Carola,Bigender,Divanoodle,Administrative Officer,cgonning3t@plala.or.jp
Artemus,Male,Meevee,Tax Accountant,abertomier3u@storify.com
Ingeberg,Non-binary,Thoughtworks,Project Manager,iromanelli3v@facebook.com
Zonda,Agender,Zoonder,Associate Professor,zhenriet3w@g.co
Jessamine,Male,Chatterpoint,Nurse,jselliman3x@google.com
Tobit,Non-binary,Dazzlesphere,Developer II,tfrost3y@friendfeed.com
Charis,Female,Edgeify,Senior Developer,capdell3z@mit.edu
Jerry,Male,Mudo,Marketing Manager,jgurry40@macromedia.com
Clay,Polygender,Skyble,VP Accounting,cblackly41@elegantthemes.com
Kori,Polygender,Jaxspan,Professor,kmacalpyne42@histats.com
Mickie,Bigender,Reallinks,Web Developer III,mkeble43@yellowpages.com
Suki,Non-binary,Bubbletube,Assistant Media Planner,sswiffen44@nature.com
Ade,Female,Blogtag,Accounting Assistant II,ahobben45@freewebs.com
Aggy,Female,Jazzy,Electrical Engineer,alitton46@fda.gov
Isacco,Male,Devpulse,Accountant III,ihannis47@alexa.com
Candis,Genderfluid,Jabberbean,Database Administrator IV,chinkins48@cbslocal.com
Charin,Bigender,Feedspan,Software Consultant,cburchall49@youtu.be
Vince,Non-binary,Viva,Geologist I,vliddon4a@myspace.com
Janey,Bigender,Linklinks,Budget/Accounting Analyst I,jphysic4b@paginegialle.it
Inger,Polygender,Gabspot,Recruiting Manager,ikillock4c@vkontakte.ru
Reina,Female,Meevee,Recruiter,rmeron4d@chicagotribune.com
Emylee,Polygender,Realblab,Teacher,eheazel4e@hugedomains.com
Barbaraanne,Polygender,Pixoboo,Web Developer II,bfrowde4f@lycos.com
Maryanna,Bigender,Roomm,Structural Engineer,mfollin4g@wisc.edu
Yvor,Genderqueer,Devbug,Help Desk Operator,yadlington4h@ftc.gov
Tobit,Female,Demimbu,Senior Developer,tswindells4i@hhs.gov
Zaria,Genderfluid,Lazzy,Safety Technician IV,zbole4j@nih.gov
Uriel,Genderqueer,Wordpedia,Programmer II,uharp4k@bing.com
Denys,Genderqueer,Divanoodle,Assistant Media Planner,dalessandrucci4l@dropbox.com
Earle,Genderfluid,Thoughtbridge,Structural Analysis Engineer,ehawking4m@soundcloud.com
Ysabel,Polygender,Photospace,Actuary,ybeaushaw4n@berkeley.edu
Ebonee,Bigender,Jabbersphere,Engineer III,ebridger4o@privacy.gov.au
Agosto,Genderfluid,Podcat,Speech Pathologist,acavie4p@free.fr
Errol,Genderfluid,Skyvu,Structural Engineer,eshelton4q@blinklist.com
Whitaker,Non-binary,Skaboo,Occupational Therapist,wyeliashev4r@sakura.ne.jp
Adriane,Male,Kanoodle,Recruiting Manager,ariggey4s@imdb.com
Petr,Genderfluid,Twitterbridge,Structural Engineer,pmervyn4t@jalbum.net
Isacco,Polygender,Oloo,VP Quality Control,icellone4u@mysql.com
Joycelin,Agender,Tagopia,Quality Control Specialist,jneubigging4v@microsoft.com
Cori,Genderfluid,Tagtune,Staff Accountant III,cgorioli4w@nps.gov
Flin,Polygender,Pixope,Structural Analysis Engineer,flembcke4x@example.com
Skip,Polygender,Feedfish,Senior Sales Associate,sfayter4y@goodreads.com
Audrie,Bigender,Photobug,Account Executive,astobbes4z@businessweek.com
Tildy,Agender,Quimba,Professor,tcrinage50@engadget.com
Mic,Agender,Browseblab,Analyst Programmer,msouthby51@feedburner.com
Donnamarie,Polygender,Gabspot,Associate Professor,dblaiklock52@163.com
Bearnard,Polygender,Brainlounge,Help Desk Technician,bohagan53@reuters.com
Delila,Female,Youopia,Technical Writer,dsnar54@unblog.fr
Broddy,Non-binary,Oyondu,Information Systems Manager,bluetkemeyers55@uol.com.br
Meade,Polygender,Flipbug,Desktop Support Technician,mdellenbroker56@wikispaces.com
Doll,Female,Aibox,Senior Cost Accountant,dadami57@newsvine.com
Vallie,Female,Meemm,Data Coordiator,vantoniewicz58@mozilla.com
Fayth,Genderqueer,Pixoboo,Financial Analyst,fstoile59@scientificamerican.com
Magdalena,Agender,Meezzy,Research Assistant III,mpennings5a@usa.gov
Laurella,Non-binary,Buzzbean,Pharmacist,lguilbert5b@wp.com
Cammi,Genderqueer,Yodel,Senior Cost Accountant,cphittiplace5c@yahoo.com
Nelly,Agender,Divavu,Sales Representative,ncurbishley5d@youku.com
Gianna,Genderqueer,Wikizz,Graphic Designer,gblaisdell5e@ft.com
Granny,Non-binary,Kimia,Social Worker,gcoolson5f@friendfeed.com
Ailyn,Genderqueer,Photobug,Accountant IV,amartinon5g@instagram.com
Alta,Agender,Pixope,Business Systems Development Analyst,awaldren5h@eepurl.com
Emma,Genderqueer,Zoovu,Senior Financial Analyst,egarvie5i@timesonline.co.uk
Milena,Genderfluid,Linklinks,Compensation Analyst,mgwinnel5j@google.nl
Fraze,Female,Bubblemix,Account Executive,fmcpeeters5k@hibu.com
Teddi,Non-binary,Avamm,Marketing Assistant,tjenik5l@sina.com.cn
Ole,Polygender,Camimbo,Account Executive,ostirton5m@apple.com
Hanni,Non-binary,Kaymbo,Account Representative II,hallgood5n@slashdot.org
Arnaldo,Genderqueer,Eire,Systems Administrator II,aallanby5o@qq.com
Lissi,Non-binary,Demimbu,Chief Design Engineer,lelwood5p@linkedin.com
Salomone,Female,LiveZ,VP Quality Control,speter5q@people.com.cn
Sawyere,Male,Zooxo,Pharmacist,ssommerville5r@trellian.com
Margeaux,Genderqueer,Thoughtstorm,Graphic Designer,mhaggata5s@google.com.br
Lorinda,Bigender,Oozz,Accounting Assistant III,lpennells5t@unc.edu
Amelia,Non-binary,Tagchat,Software Consultant,ahandforth5u@japanpost.jp
Daffi,Agender,Eabox,Senior Developer,dbroodes5v@mediafire.com
Scott,Polygender,Wordpedia,Registered Nurse,sstobart5w@soup.io
Anabel,Female,Npath,Community Outreach Specialist,aomarkey5x@earthlink.net
Rhody,Non-binary,Twitterworks,Electrical Engineer,rdowse5y@i2i.jp
Uriah,Polygender,Browsedrive,Software Consultant,uwhaley5z@nbcnews.com
Carolus,Agender,Tagtune,Statistician I,cbuzin60@baidu.com
Gay,Female,Katz,Teacher,gmartonfi61@naver.com
Gaby,Agender,Pixonyx,Software Engineer I,gbrazer62@cisco.com
Jesse,Bigender,Midel,Financial Analyst,jmatthews63@sbwire.com
Grady,Non-binary,Zoonder,General Manager,gmcfarlan64@icq.com
Dolorita,Agender,Voomm,Geological Engineer,dfinessy65@techcrunch.com
Bettine,Non-binary,Zooveo,Assistant Media Planner,bgimson66@flickr.com
Jerrold,Female,Realbuzz,Safety Technician II,jfeighney67@woothemes.com
Breena,Non-binary,Mynte,Structural Engineer,bpetrolli68@mapy.cz
Carlene,Bigender,Shuffledrive,Account Coordinator,cllorente69@gizmodo.com
Nickie,Non-binary,Browsetype,Help Desk Operator,nchastanet6a@i2i.jp
Ethelyn,Male,Yodoo,Recruiter,ealton6b@stanford.edu
Fredi,Female,Realcube,Budget/Accounting Analyst III,fstut6c@oakley.com
Giffard,Genderqueer,Tagtune,Administrative Officer,gdemare6d@tamu.edu
Aleksandr,Agender,Fanoodle,Mechanical Systems Engineer,atolomelli6e@cbsnews.com
Andrus,Male,Kwilith,Civil Engineer,abradick6f@goodreads.com
Coraline,Bigender,Yata,Financial Advisor,ccalway6g@storify.com
Currey,Polygender,Voonder,Nurse Practicioner,ccasford6h@abc.net.au
Ermanno,Male,Aimbo,Civil Engineer,eodyvoy6i@360.cn
Olag,Genderfluid,Yozio,Civil Engineer,ofidilis6j@sakura.ne.jp
Matias,Genderqueer,Wordify,Business Systems Development Analyst,mwinterborne6k@diigo.com
Caro,Female,Thoughtsphere,Administrative Officer,cmeasor6l@lulu.com
Haley,Genderfluid,Mita,Project Manager,hhuffa6m@nyu.edu
Denys,Female,Thoughtstorm,Professor,ddorsett6n@blogtalkradio.com
Kim,Agender,Podcat,Media Manager I,kboorn6o@freewebs.com
Davon,Polygender,Roodel,Civil Engineer,dcaville6p@yahoo.com
Saundra,Female,Reallinks,Recruiter,ssalvage6q@xing.com
Jillane,Non-binary,Trunyx,Accountant IV,jfarrance6r@wordpress.org
Aylmar,Genderfluid,Tavu,Associate Professor,aaronovich6s@weibo.com
Juliana,Agender,Divape,Computer Systems Analyst I,jmckyrrelly6t@harvard.edu
Say,Agender,Fatz,Biostatistician II,sbloodworthe6u@wired.com
Archy,Genderqueer,Feednation,Environmental Specialist,alumsdale6v@deviantart.com
Jere,Bigender,Ozu,Nurse,jantrobus6w@globo.com
Thatch,Genderfluid,Kaymbo,Software Consultant,tmulchrone6x@xinhuanet.com
Ransell,Genderqueer,Buzzdog,Environmental Specialist,rkeuning6y@cdbaby.com
Luke,Polygender,Devify,Senior Editor,lvinnicombe6z@ask.com
Kerrill,Agender,Demizz,Dental Hygienist,kgodwyn70@nba.com
Trev,Non-binary,Oyoloo,Assistant Professor,tthorndale71@4shared.com
Alfy,Genderfluid,Eayo,Technical Writer,aodwyer72@reverbnation.com
Ysabel,Bigender,Dabfeed,Computer Systems Analyst I,yleppo73@webs.com
Vyky,Bigender,Skinte,Registered Nurse,vvasilenko74@yandex.ru
Ardelis,Polygender,Voomm,Graphic Designer,aaltimas75@is.gd
Randie,Polygender,Topicblab,Staff Accountant I,rsmaridge76@constantcontact.com
Gregoor,Agender,Skippad,Registered Nurse,gswan77@usgs.gov
Chrissy,Non-binary,Yata,Quality Engineer,csends78@uiuc.edu
Paco,Female,Wikizz,Analog Circuit Design manager,pcastagnaro79@hexun.com
Mel,Genderfluid,Skinix,Research Associate,mmacknight7a@pcworld.com
Adlai,Agender,Jayo,Nurse Practicioner,ahaddick7b@auda.org.au
Shaw,Male,Avavee,Paralegal,sbompass7c@tiny.cc
Randolf,Agender,Yakidoo,Senior Quality Engineer,rminor7d@free.fr
Salmon,Agender,Yozio,Physical Therapy Assistant,syitzhak7e@ed.gov
Annmarie,Polygender,Tazzy,Automation Specialist II,adeviney7f@businesswire.com
Laurella,Female,Myworks,Librarian,ldahlgren7g@japanpost.jp
Rey,Genderfluid,Dabshots,Senior Sales Associate,rkuhnel7h@mozilla.org
Karissa,Agender,Fanoodle,Legal Assistant,kharrod7i@ftc.gov
Kerri,Male,Jabberstorm,GIS Technical Architect,ksneden7j@flickr.com
Babita,Non-binary,Mita,Information Systems Manager,bdivina7k@bloomberg.com
Annis,Polygender,Jabbertype,Actuary,aberthomier7l@geocities.com
Cleve,Polygender,Twitterlist,General Manager,cucceli7m@microsoft.com
Brynn,Agender,Mynte,Sales Associate,bchainey7n@pbs.org
Lenette,Genderqueer,Latz,Marketing Manager,liwaszkiewicz7o@tuttocitta.it
Cesaro,Genderfluid,Tekfly,Design Engineer,ccobb7p@dedecms.com
Maurie,Genderqueer,Browsecat,Professor,mjorczyk7q@linkedin.com
Mercy,Genderqueer,Kwinu,Human Resources Assistant IV,mfraczek7r@odnoklassniki.ru
Dorian,Genderfluid,Yoveo,Structural Analysis Engineer,dcuerda7s@linkedin.com
Alice,Bigender,Edgetag,Design Engineer,aoveril7t@addthis.com
Davy,Male,Devcast,Environmental Tech,ddundin7u@gravatar.com
Daveta,Non-binary,Wikizz,Environmental Specialist,dprimarolo7v@dropbox.com
Cal,Female,Skajo,Systems Administrator I,crivett7w@ameblo.jp
Elka,Female,Shuffletag,Teacher,efennessy7x@about.com
Tabbi,Agender,Livefish,Financial Analyst,thaack7y@jiathis.com
Joyann,Agender,InnoZ,Web Developer I,jbillinge7z@google.pl
Brenna,Genderfluid,Trudeo,VP Quality Control,bbarringer80@examiner.com
Dylan,Genderqueer,Gigabox,Database Administrator III,dughi81@spotify.com
Putnam,Polygender,Dabjam,Actuary,phillhouse82@pinterest.com
Bryana,Bigender,Tagchat,Cost Accountant,bdeek83@guardian.co.uk
Giulia,Non-binary,Agivu,Systems Administrator I,gphilott84@eepurl.com
Henka,Male,Wordpedia,Geological Engineer,hmealing85@4shared.com
Celinka,Genderfluid,Wordpedia,Compensation Analyst,ctesh86@google.es
Janek,Polygender,Photojam,Cost Accountant,jmicallef87@google.fr
Silvain,Non-binary,Oozz,Desktop Support Technician,shemerijk88@studiopress.com
Elfrieda,Female,Avamba,Assistant Professor,emenguy89@theguardian.com
Tobe,Female,Pixonyx,Human Resources Manager,tlinfield8a@rambler.ru
Cybil,Polygender,Aimbo,Structural Engineer,cbrilleman8b@unblog.fr
Libbey,Non-binary,Skinder,Help Desk Technician,lmarc8c@umn.edu
Haskell,Polygender,Centidel,Community Outreach Specialist,hjeffcoate8d@technorati.com
Tedmund,Female,Babblestorm,Research Nurse,tcestard8e@godaddy.com
Ulrikaumeko,Agender,Mydeo,Junior Executive,ulewnden8f@paginegialle.it
Trish,Bigender,InnoZ,Senior Cost Accountant,trawsthorne8g@homestead.com
Alida,Female,Divape,Clinical Specialist,agallemore8h@nbcnews.com
Shanie,Non-binary,Mymm,Actuary,scrampin8i@about.me
Kit,Polygender,Roodel,Desktop Support Technician,kfallens8j@archive.org
Tally,Genderqueer,Tazz,Nurse,titzakovitz8k@hao123.com
Minetta,Polygender,Blogtag,Electrical Engineer,menric8l@paginegialle.it
Hanna,Non-binary,Dabshots,Community Outreach Specialist,hmchardy8m@hao123.com
Benni,Non-binary,Realmix,Automation Specialist I,bgriswaite8n@webmd.com
Levon,Genderqueer,Tagchat,Data Coordiator,ldambrosio8o@weather.com
Sherwood,Male,Skaboo,Assistant Manager,sdetocqueville8p@biglobe.ne.jp
Abigail,Non-binary,Twimbo,Sales Associate,aseabert8q@github.com
Jaquelyn,Genderfluid,Wordtune,Safety Technician II,jridding8r@geocities.jp
Robby,Bigender,Skipfire,Geologist I,rbarkus8s@flavors.me
Wyn,Genderfluid,Devpulse,Executive Secretary,wdemaria8t@japanpost.jp
Eimile,Agender,Youtags,Senior Financial Analyst,esibley8u@tinyurl.com
Carlota,Polygender,Kimia,Senior Cost Accountant,cbrouncker8v@naver.com
Jaime,Genderfluid,Janyx,Office Assistant IV,jriggey8w@photobucket.com
Gilly,Polygender,Fadeo,Safety Technician II,gglaister8x@jigsy.com
Fonsie,Male,Dazzlesphere,Recruiting Manager,fcowope8y@skyrock.com
Melamie,Agender,Livefish,Electrical Engineer,marnholtz8z@uiuc.edu
Gunilla,Genderqueer,Yozio,Tax Accountant,gcalrow90@wix.com
Wiatt,Genderfluid,Meevee,Web Designer III,wswinden91@google.fr
Iago,Bigender,Yakitri,VP Accounting,ilipp92@auda.org.au
Aubrette,Male,Demivee,Nurse,asoitoux93@samsung.com
Jeff,Non-binary,Skipfire,Internal Auditor,jvaladez94@senate.gov
Cristiano,Polygender,Digitube,VP Marketing,cduplain95@php.net
Sheelah,Agender,Tekfly,Staff Accountant II,stidball96@tmall.com
Iorgos,Bigender,Camido,Nuclear Power Engineer,ileates97@sourceforge.net
Madella,Agender,Miboo,Associate Professor,mshardlow98@xinhuanet.com
Brant,Non-binary,Jetwire,Professor,bwittey99@nbcnews.com
Noelle,Bigender,Mynte,Safety Technician IV,nfury9a@blogspot.com
Jamil,Bigender,Feedmix,Civil Engineer,jpidler9b@shareasale.com
Georgianne,Agender,JumpXS,Associate Professor,gswabey9c@mozilla.org
Clywd,Female,Aibox,Associate Professor,cbracci9d@tmall.com
Caesar,Polygender,Camido,Database Administrator IV,cdoy9e@typepad.com
Austin,Bigender,Gabtype,Environmental Specialist,aklasing9f@shop-pro.jp
Baron,Male,Talane,Business Systems Development Analyst,bdeverson9g@state.tx.us
Cord,Non-binary,Teklist,Programmer Analyst IV,ccalcut9h@histats.com
Saleem,Male,Voolith,Financial Analyst,seskell9i@tripadvisor.com
Morna,Polygender,Yakitri,Nurse,mholyland9j@zdnet.com
Court,Agender,Tagtune,Professor,crosenshine9k@unesco.org
Sabina,Male,Youspan,Web Developer III,slovstrom9l@bloglovin.com
Wallache,Genderfluid,Jabbersphere,Cost Accountant,wroache9m@devhub.com
Vivyan,Bigender,Zoombox,Senior Quality Engineer,vlehenmann9n@e-recht24.de
Giusto,Genderqueer,Kwideo,Technical Writer,gbowditch9o@spotify.com
Maddy,Genderfluid,Oodoo,VP Sales,mzarfai9p@github.io
Derril,Genderfluid,Chatterbridge,Senior Sales Associate,dwastie9q@ibm.com
Perice,Non-binary,Mynte,Safety Technician II,phenaughan9r@163.com
Elka,Polygender,Realcube,Project Manager,enormand9s@businessinsider.com
Franky,Non-binary,Twitterbeat,Data Coordiator,fhaddleston9t@liveinternet.ru
Jane,Female,Vinder,Senior Developer,jlehrian9u@un.org
Woodrow,Male,Leenti,Tax Accountant,wkillough9v@cyberchimps.com
Jamil,Bigender,Youspan,Programmer II,jfranzotto9w@spiegel.de
Trudi,Female,Mudo,Accounting Assistant IV,thassur9x@merriam-webster.com
Dugald,Genderfluid,Vitz,Graphic Designer,drue9y@dagondesign.com
Reggie,Agender,Innotype,Dental Hygienist,rmaplethorp9z@google.com.au
Roderich,Male,Zoonder,VP Quality Control,rwengera0@foxnews.com
Wilone,Bigender,Thoughtworks,Statistician I,wmalyja1@google.pl
Christen,Female,Wikizz,Pharmacist,cskerritta2@t.co
Harwell,Agender,Jabberstorm,Occupational Therapist,hjozwiaka3@npr.org
Cacilie,Female,Tagpad,Librarian,cwhitea4@blogtalkradio.com
Blake,Female,Edgeblab,Safety Technician I,bhefforda5@china.com.cn
Madlin,Polygender,Flashpoint,Help Desk Operator,maytona6@sourceforge.net
Shermie,Polygender,Blogpad,Nuclear Power Engineer,stidmasa7@mapquest.com
Solly,Female,Photobug,Operator,sbronta8@behance.net
Wayne,Agender,Topdrive,Teacher,whelsbya9@spiegel.de
Anthiathia,Bigender,DabZ,Account Representative IV,ataggaa@blogtalkradio.com
Alfonse,Bigender,Linkbuzz,Marketing Assistant,amellyab@drupal.org
Carleton,Non-binary,Skipfire,Marketing Assistant,cgarmstonac@aol.com
Gonzales,Female,Jayo,Registered Nurse,greinardad@rakuten.co.jp
Lindsay,Genderfluid,Kazu,Programmer II,lwadmanae@unesco.org
Alverta,Female,Vitz,Food Chemist,achessellaf@wsj.com
Karole,Female,Dablist,Financial Advisor,kfyersag@oracle.com
Artemas,Polygender,Jabberbean,Senior Editor,aratheah@etsy.com
Woodrow,Male,Pixope,Recruiter,wswansburyai@clickbank.net
Gabbi,Female,Oyoyo,Software Consultant,gmurrishaj@pcworld.com
Tam,Agender,Feedfire,Quality Engineer,toduaneak@toplist.cz
Daffie,Polygender,Kazio,Business Systems Development Analyst,dtrengroveal@parallels.com
Obie,Genderfluid,Quatz,Geological Engineer,omougenelam@ebay.co.uk
Klara,Genderfluid,Oba,Senior Quality Engineer,kwortan@miitbeian.gov.cn
Zabrina,Bigender,Quaxo,Geological Engineer,zmaccartneyao@sourceforge.net
Cleavland,Genderqueer,Voolia,Technical Writer,cklimeckiap@usda.gov
Ingaborg,Non-binary,Yamia,Account Representative IV,idestoopaq@stanford.edu
Dinah,Male,Mynte,Editor,deversonar@jimdo.com
Nicolea,Polygender,Skyba,Sales Representative,nrattryas@jalbum.net
Korella,Polygender,Quatz,Accounting Assistant IV,klivesleyat@desdev.cn
Dorette,Polygender,Roombo,Research Nurse,dcallenau@omniture.com
Judie,Agender,Shufflester,Financial Analyst,jbrimacombeav@alexa.com
Lanie,Male,Jabberbean,Senior Financial Analyst,ljaffreyaw@nbcnews.com
Hercule,Male,Skimia,Cost Accountant,hhairsineax@exblog.jp
Nani,Female,Eayo,Assistant Media Planner,nbenningay@usgs.gov
Tony,Agender,Aimbo,VP Sales,tramelaz@csmonitor.com
Torrey,Female,Meezzy,Software Engineer I,tshrubsallb0@ovh.net
Warren,Polygender,Mudo,Staff Scientist,wsarathb1@cyberchimps.com
Jackquelin,Polygender,Kwideo,Staff Scientist,jtynanb2@twitter.com
Chantal,Female,Skajo,Quality Engineer,clyenyngb3@w3.org
Willabella,Agender,Yakijo,Project Manager,wbauldreyb4@taobao.com
Elga,Male,Avavee,Senior Developer,epottieb5@zdnet.com
Gerta,Agender,Jaxspan,Systems Administrator I,gthurberb6@ow.ly
Mina,Polygender,Divavu,Physical Therapy Assistant,mganniclifftb7@bloglovin.com
Una,Genderfluid,Rhynyx,Cost Accountant,ucavetb8@wikipedia.org
Alfreda,Genderqueer,Rhybox,Data Coordiator,amcneilb9@artisteer.com
Nevin,Genderfluid,Realcube,Administrative Assistant III,ntinnba@delicious.com
Kipp,Non-binary,Katz,Teacher,kgiorgeschibb@wp.com
Danell,Genderqueer,Bubbletube,Budget/Accounting Analyst IV,ddytebc@tinyurl.com
Cathleen,Female,Thoughtblab,Product Engineer,chaingebd@taobao.com
Boycie,Genderfluid,Babbleblab,Structural Analysis Engineer,boflahertybe@patch.com
Tillie,Bigender,Voonder,Pharmacist,taingebf@rakuten.co.jp
Vincents,Female,Topicstorm,Health Coach I,vgowngebg@msn.com
Cleo,Non-binary,Quimba,Administrative Assistant III,cdugoodbh@cdbaby.com
Jeremy,Genderqueer,Mycat,Clinical Specialist,jbickerdikebi@vimeo.com
Laurette,Genderfluid,Kamba,Recruiter,lbramobj@apple.com
Nickolas,Agender,Fivebridge,Statistician IV,nsansomebk@noaa.gov
Zarah,Female,Voomm,Professor,zyubl@walmart.com
Camille,Genderfluid,Vitz,Nurse,cderrellbm@indiatimes.com
Dietrich,Non-binary,Blogspan,Legal Assistant,dkedwardbn@bravesites.com
Maggee,Female,Mudo,Administrative Officer,mburstonbo@globo.com
Shellysheldon,Male,Twitterlist,Professor,snewportbp@ihg.com
Wendy,Agender,Ailane,Compensation Analyst,wcardusbq@ustream.tv
Sibyl,Female,Vinte,Mechanical Systems Engineer,smuckeenbr@hostgator.com
Elinor,Genderqueer,Flashpoint,Office Assistant II,ecleynmanbs@umich.edu
Mark,Genderfluid,Gabtune,VP Marketing,mstilldalebt@ucsd.edu
Maegan,Bigender,Vitz,Physical Therapy Assistant,mwakerbu@posterous.com
Sean,Genderfluid,Plajo,Graphic Designer,sbawlesbv@tamu.edu
Rickie,Non-binary,Mynte,Web Designer II,rcalviebw@fema.gov
Ortensia,Bigender,Livefish,Senior Quality Engineer,osouthardbx@etsy.com
Flora,Polygender,Photobug,Associate Professor,fchaddockby@wikia.com
Abagael,Genderqueer,Tagchat,Recruiting Manager,ameakinbz@epa.gov
Annadiane,Genderqueer,Photobug,Help Desk Operator,amcpakec0@prweb.com
Efrem,Male,Tekfly,Research Associate,ecowpc1@mozilla.org
Pauletta,Agender,Trudoo,Systems Administrator IV,pceriec2@google.pl
Rosamund,Genderqueer,Demizz,Help Desk Technician,rscrowsonc3@wp.com
Cornell,Polygender,Devshare,Product Engineer,cfairpoolc4@fema.gov
Calypso,Male,Trudeo,Structural Engineer,csibunc5@blogspot.com
Avis,Genderfluid,Vinte,VP Product Management,aadamiakc6@dion.ne.jp
Bronson,Bigender,Livetube,Account Representative III,bbleackleyc7@mapquest.com
Krissie,Bigender,Meedoo,Dental Hygienist,klammerichc8@istockphoto.com
Corrianne,Female,Meedoo,Nuclear Power Engineer,cfellonac9@businesswire.com
Sascha,Genderfluid,Vinte,Accountant III,srustmanca@ask.com
Hunfredo,Male,Quire,Registered Nurse,hromaincb@ucla.edu
Olav,Genderqueer,Dynabox,Quality Control Specialist,owyethcc@kickstarter.com
Andrea,Polygender,Trudoo,Recruiter,adilloncd@yahoo.com
Murial,Polygender,Feedmix,Accounting Assistant III,mcavendishce@prweb.com
Theresina,Polygender,Blogpad,Geologist IV,tkittelcf@prweb.com
Eryn,Bigender,Linkbridge,Cost Accountant,eyoullcg@amazon.de
Steffie,Genderfluid,Realmix,Environmental Specialist,sgaskinsch@alibaba.com
Manuel,Genderqueer,Edgewire,Actuary,mbarlaceci@fda.gov
Boonie,Agender,Minyx,Financial Analyst,bbosenworthcj@livejournal.com
Shurlock,Agender,Rhyzio,Executive Secretary,sbalfck@webs.com
Rooney,Genderqueer,Dynava,Account Executive,rgirodcl@typepad.com
Abbye,Agender,Dablist,Budget/Accounting Analyst I,acollissoncm@bloglines.com
Doroteya,Genderfluid,Quatz,Occupational Therapist,dbutencn@cnn.com
Sari,Polygender,Tambee,Budget/Accounting Analyst I,sdemaineco@aol.com
Berky,Agender,Kimia,Web Designer IV,bhastilowcp@statcounter.com
Shandy,Polygender,Mita,Occupational Therapist,sdibbscq@jalbum.net
Amanda,Genderqueer,Quatz,Project Manager,aennscr@patch.com
Monah,Male,Jayo,Technical Writer,mhounsomecs@hexun.com
Cosme,Genderqueer,Vipe,Automation Specialist I,ckubiakct@nifty.com
Shela,Genderqueer,Photojam,Senior Financial Analyst,sgarnercu@hc360.com
Erv,Agender,Gabspot,Software Test Engineer IV,eleestutcv@google.nl
Agneta,Female,Innotype,Senior Developer,amcanellyecw@ted.com
Mallissa,Male,Kimia,VP Quality Control,mleffekcx@kickstarter.com
Loleta,Genderfluid,Riffwire,Engineer IV,lgalsworthycy@cyberchimps.com
Elicia,Non-binary,Feedmix,Structural Analysis Engineer,ebeebiscz@oaic.gov.au
Tessie,Non-binary,Oyoyo,Desktop Support Technician,tduigedd0@people.com.cn
Danit,Genderqueer,Jatri,Recruiter,dpargentd1@prnewswire.com
Chico,Genderfluid,Skynoodle,Civil Engineer,clarrowayd2@youtube.com
Raquel,Female,Babbleopia,Junior Executive,rvosperd3@sun.com
Mira,Bigender,Vidoo,Chief Design Engineer,mrosenfieldd4@facebook.com
Maurits,Male,Agimba,Sales Representative,mkilbrided5@pbs.org
Lorie,Male,Abatz,Senior Quality Engineer,lvassard6@1688.com
Shamus,Agender,Voolia,Nurse Practicioner,strimmilld7@sitemeter.com
Blanca,Genderqueer,Wordify,Food Chemist,bantonichd8@netscape.com
Allys,Male,Kazio,Software Consultant,agatesd9@forbes.com
Lydon,Agender,Twinder,VP Quality Control,lbrysonda@disqus.com
Bowie,Bigender,Jaxworks,Programmer Analyst II,bpitkeathlydb@whitehouse.gov
Aurel,Genderqueer,Meejo,Web Developer I,ahardemandc@artisteer.com
Bettye,Male,Meevee,Staff Scientist,bjahnigdd@yellowpages.com
Way,Bigender,Bluejam,Product Engineer,wcesconide@umn.edu
Berget,Agender,Fivespan,Software Engineer III,bpettengelldf@spotify.com
Amalle,Non-binary,Tazz,Structural Engineer,astamperdg@auda.org.au
Ninnetta,Agender,Kanoodle,Junior Executive,nruzekdh@unesco.org
Karlens,Bigender,Thoughtstorm,Pharmacist,kportwaindi@google.com
Gaspar,Genderqueer,Ooba,Community Outreach Specialist,gburnerdj@ezinearticles.com
Dun,Bigender,Thoughtworks,Executive Secretary,dstovingdk@mapquest.com
Nikolia,Female,InnoZ,Actuary,nknathdl@tripadvisor.com
Batsheva,Non-binary,Skyndu,Tax Accountant,blaunchburydm@homestead.com
Cate,Non-binary,Livepath,Junior Executive,cajamdn@europa.eu
Eva,Genderfluid,Janyx,Safety Technician IV,egildeado@woothemes.com
Juliet,Female,Thoughtblab,Senior Sales Associate,jfullstonedp@cnet.com
Lulita,Male,Divavu,Product Engineer,llowlesdq@rambler.ru
Tommi,Bigender,Fivespan,Community Outreach Specialist,tnarrawaydr@booking.com
Parry,Bigender,Rhynoodle,Operator,pohalligands@tumblr.com
Rodrigo,Bigender,Trilia,Social Worker,rhessaydt@mac.com
Dill,Bigender,Demimbu,Information Systems Manager,dsailldu@jalbum.net
Filia,Agender,Quaxo,Information Systems Manager,fodddv@weibo.com
Kippie,Agender,Tagchat,Account Coordinator,kpenhaleurackdw@trellian.com
Alisun,Female,Kwinu,Web Developer II,apikhnodx@prnewswire.com
Yankee,Non-binary,Feedspan,Librarian,yakehurstdy@dell.com
Winfield,Polygender,Eimbee,Electrical Engineer,wbeardmoredz@shareasale.com
Urbano,Male,Trilith,Data Coordiator,usavinse0@foxnews.com
Lindi,Polygender,Fadeo,Marketing Assistant,lmcelroye1@storify.com
Nanci,Polygender,Miboo,Professor,ntidye2@360.cn
Jeffry,Non-binary,Skyba,Graphic Designer,jculberte3@myspace.com
Jaquenetta,Agender,Linkbuzz,Geological Engineer,jbuntinge4@nasa.gov
Barb,Bigender,Demimbu,VP Quality Control,briedele5@google.co.uk
Nev,Bigender,Skinder,Project Manager,nkinniee6@hp.com
Magda,Male,Buzzster,Executive Secretary,mdeemane7@senate.gov
Shanta,Non-binary,Skipfire,Quality Engineer,slorrimere8@youtube.com
Marja,Genderqueer,Kwimbee,Media Manager II,mbrimblecombee9@dell.com
Mohandis,Genderqueer,Yozio,Nurse Practicioner,mblondinea@answers.com
Kellsie,Male,Yakidoo,Media Manager I,kfouxeb@yolasite.com
Charlean,Agender,Voomm,Account Executive,chattoec@devhub.com
Rustie,Genderfluid,Linkbridge,Nurse,rgolleyed@ucla.edu
Dix,Genderqueer,Skiptube,Research Nurse,dscholfieldee@mlb.com
Fax,Genderqueer,Zoovu,Senior Editor,fczyzef@miibeian.gov.cn
Aleece,Agender,Thoughtsphere,Assistant Professor,aandreixeg@plala.or.jp
Gerta,Bigender,Skidoo,GIS Technical Architect,gbocheh@drupal.org
Geoff,Bigender,Einti,Sales Associate,gphysickei@apple.com
Berton,Female,Quinu,Media Manager II,bgrunsonej@hexun.com
Tandi,Agender,Oyoloo,Project Manager,tmackartanek@hatena.ne.jp
Lela,Bigender,Dablist,Teacher,lbeevensel@dedecms.com
Annabal,Non-binary,Skinder,General Manager,aleebeterem@jigsy.com
Amelina,Polygender,Vipe,Environmental Specialist,apaulleyen@fda.gov
Alf,Bigender,Reallinks,Registered Nurse,ashielseo@nytimes.com
Constantina,Genderfluid,Feedspan,Operator,cscatcherep@sun.com
Sergeant,Male,Jayo,Geologist IV,sjenteaueq@yale.edu
Angele,Non-binary,Voonyx,VP Sales,acastanieer@histats.com
Shurlocke,Male,Skilith,Operator,sthompstonees@imdb.com
Yelena,Genderqueer,Eazzy,Programmer IV,ygunbyet@youtube.com
Jerrome,Bigender,Skippad,Senior Cost Accountant,jbadbyeu@state.gov
Tammie,Genderfluid,Tavu,Media Manager IV,tpurseyev@altervista.org
Gamaliel,Female,Yotz,Assistant Professor,grobertisew@shareasale.com
Earvin,Genderqueer,Twimm,Accounting Assistant III,erickersyex@google.com.br
Edvard,Agender,Feedbug,Professor,ekarlmanney@seesaa.net
Christean,Agender,Meezzy,Community Outreach Specialist,ciacovelliez@wufoo.com
Katrinka,Polygender,Ozu,VP Accounting,ktaintonf0@goo.ne.jp
Esra,Genderqueer,Twitternation,Dental Hygienist,esykesf1@slate.com
Welbie,Polygender,Avavee,Payment Adjustment Coordinator,wcheersf2@sourceforge.net
Gabi,Agender,Pixoboo,Director of Sales,ggianullif3@nps.gov
Lesley,Genderfluid,Gevee,Health Coach II,lsimonninf4@sogou.com
Anjela,Female,Oyoloo,Executive Secretary,ainglestonf5@multiply.com
Ilaire,Genderfluid,InnoZ,Actuary,ismallacombef6@baidu.com
Si,Genderqueer,Vinte,Payment Adjustment Coordinator,swhaymanf7@digg.com
Huey,Polygender,Shufflester,Financial Analyst,hbelchamf8@opensource.org
Brigg,Genderfluid,Realfire,Senior Financial Analyst,blinekerf9@seesaa.net
Patty,Polygender,Jabbersphere,Associate Professor,ptoopefa@berkeley.edu
Luce,Genderfluid,Devbug,Teacher,lfranefb@state.gov
Nicholas,Male,Zoovu,Media Manager IV,noselandfc@techcrunch.com
Phillie,Agender,Riffpath,Sales Representative,ppochonfd@list-manage.com
Gaspard,Genderqueer,Kimia,Design Engineer,gmcreathfe@slashdot.org
Moyra,Agender,Twinder,Account Executive,mlaskeyff@spotify.com
Trescha,Male,Rhyloo,Developer III,tfassamfg@businessinsider.com
Aube,Bigender,Brainbox,Clinical Specialist,acockshttfh@foxnews.com
Martina,Male,Cogibox,Compensation Analyst,maronowitzfi@nature.com
Kasper,Male,Jabberbean,Technical Writer,kdobsonfj@archive.org
Clemmy,Male,Skinte,Senior Financial Analyst,crownfk@goo.gl
Lyndsey,Polygender,Meeveo,Database Administrator II,ldoorefl@marriott.com
Donnell,Non-binary,Gabcube,Accounting Assistant IV,ddeveyfm@twitpic.com
Neron,Bigender,Rhybox,Structural Analysis Engineer,nmordauntfn@imgur.com
Zak,Agender,Fivespan,Desktop Support Technician,zgouleyfo@ask.com
Gloriane,Genderqueer,Browseblab,Environmental Tech,goxboroughfp@w3.org
Lemmy,Genderfluid,Zoomlounge,Desktop Support Technician,lmcomishfq@youtube.com
Leonore,Polygender,Quire,Compensation Analyst,limpyfr@weather.com
Eldredge,Genderfluid,Bubblemix,Professor,espargofs@plala.or.jp
Ailyn,Bigender,Oyonder,Web Designer I,apitkeathleyft@seattletimes.com
Bendix,Polygender,Oloo,Payment Adjustment Coordinator,bhounsonfu@google.it
Riordan,Non-binary,Thoughtblab,Marketing Manager,rkingwellfv@163.com
Denys,Male,Feednation,Environmental Tech,dkidgellfw@cnn.com
Cecil,Genderqueer,Ozu,Web Designer IV,cfantefx@google.de
Carr,Male,Yadel,Assistant Professor,celmanfy@sphinn.com
Karlotta,Genderqueer,Tazzy,Executive Secretary,kboumphreyfz@dot.gov
Ricard,Agender,Mynte,Junior Executive,rmcarthurg0@uol.com.br
Waverley,Agender,Jaloo,Cost Accountant,wwodelandg1@nba.com
Ike,Non-binary,Wikido,Marketing Assistant,igillorang2@altervista.org
Roarke,Female,Katz,Social Worker,rhaytong3@sohu.com
Sheena,Polygender,Agivu,Environmental Tech,smcgrealg4@taobao.com
Alfy,Genderfluid,InnoZ,VP Quality Control,amckeving5@twitter.com
Jeana,Genderfluid,Agivu,Chief Design Engineer,jwormleightong6@ezinearticles.com
Jeremie,Female,Skinix,Help Desk Technician,jtsarg7@paginegialle.it
Cam,Non-binary,Eazzy,Programmer II,cmulvanyg8@trellian.com
Svend,Male,Cogibox,Nurse Practicioner,sfraing9@microsoft.com
Rik,Genderqueer,Skivee,Financial Analyst,rheddonga@mac.com
Silvana,Genderfluid,DabZ,Accountant II,sblaiklockgb@fda.gov
Melly,Polygender,Voomm,Design Engineer,mredihalghgc@arizona.edu
Pearce,Polygender,Rhyloo,Accountant III,pbahlgd@squarespace.com
Rosamund,Genderqueer,Yakijo,Web Developer IV,rbaptistge@com.com
Starr,Genderqueer,Rhycero,Nurse,scalamgf@noaa.gov
Frans,Male,Yakijo,Quality Control Specialist,fmadderngg@umich.edu
Hilary,Genderfluid,Photobug,Junior Executive,hmcpakegh@apple.com
Linzy,Genderqueer,Snaptags,Chief Design Engineer,lbirdwistlegi@mashable.com
Tulley,Genderfluid,Flipstorm,Chemical Engineer,tjimmisongj@goo.ne.jp
Yale,Bigender,Tagopia,Civil Engineer,yfigiovannigk@google.fr
Sascha,Genderfluid,Gigaclub,Electrical Engineer,sastberygl@bluehost.com
Karel,Agender,Meevee,Analyst Programmer,kgoskargm@live.com
Abelard,Bigender,Photobean,Senior Cost Accountant,aeddiegn@weibo.com
Carly,Bigender,Flashdog,Cost Accountant,ccreanego@yellowbook.com
Vilma,Bigender,Edgewire,Accounting Assistant I,vpudseygp@blogs.com
Liane,Male,Demivee,Nuclear Power Engineer,laltongq@cdc.gov
Alasteir,Polygender,Skiba,Statistician IV,abollisgr@upenn.edu
Fraze,Agender,Thoughtstorm,Safety Technician IV,fhavillegs@cisco.com
Gloriana,Polygender,Teklist,Quality Engineer,ggerattgt@wikipedia.org
Leonhard,Agender,Camimbo,Speech Pathologist,ljohnysgu@telegraph.co.uk
Gregor,Agender,Babbleopia,Database Administrator III,gwhatfordgv@shinystat.com
Clarabelle,Genderqueer,Centidel,Legal Assistant,cposvnergw@last.fm
Ev,Male,Buzzshare,Occupational Therapist,egerreltsgx@spiegel.de
Jacquenetta,Non-binary,Abatz,Director of Sales,jmoreinisgy@exblog.jp
Kennedy,Female,Twiyo,Product Engineer,krenforthgz@webnode.com
Josias,Bigender,Viva,VP Marketing,jtanth0@ask.com
Alanson,Genderqueer,Divavu,Clinical Specialist,adevanneyh1@elpais.com
Jehanna,Female,Oozz,Assistant Manager,jkupkerh2@people.com.cn
Tildi,Female,Gabvine,Software Engineer III,tmallisonh3@icq.com
Lelah,Female,Miboo,Occupational Therapist,lhazzardh4@printfriendly.com
Beverie,Female,Camimbo,Social Worker,bhayh5@microsoft.com
Verile,Genderqueer,Skimia,Operator,voffilerh6@quantcast.com
Tracie,Agender,Fivespan,Media Manager IV,tpenchenh7@feedburner.com
Lorrayne,Genderqueer,Bluejam,Account Coordinator,llearoydh8@hatena.ne.jp
Vasili,Polygender,Cogilith,Software Test Engineer IV,vivanikovh9@geocities.jp
Dalenna,Male,Jetpulse,Systems Administrator II,dcrudgintonha@google.fr
Clay,Male,Devify,Health Coach IV,cwakenshawhb@engadget.com
Olin,Bigender,Wikibox,Automation Specialist II,ocarletonhc@odnoklassniki.ru
Franklyn,Genderfluid,Brightdog,Computer Systems Analyst I,fprendergrasshd@behance.net
Selina,Non-binary,Dazzlesphere,Tax Accountant,slongridgehe@discovery.com
Lenka,Female,Babbleblab,Human Resources Manager,lgostlinghf@cocolog-nifty.com
Fredra,Male,Pixonyx,Research Associate,fmarriotthg@census.gov
Melita,Genderqueer,Eamia,VP Sales,msleehh@timesonline.co.uk
Clem,Bigender,Linktype,Media Manager II,cmacmoyerhi@ocn.ne.jp
Lizbeth,Male,Quinu,Marketing Assistant,lmeddingshj@comcast.net
Shantee,Agender,Jayo,Senior Cost Accountant,shannabyhk@mozilla.com
Dunc,Non-binary,Fliptune,Account Executive,dmccambridgehl@sogou.com
Eleen,Male,Gabcube,Staff Accountant III,ebeaulyhm@digg.com
Heidie,Polygender,Lazz,Health Coach III,hadamskihn@cpanel.net
Trudey,Polygender,Skaboo,Senior Financial Analyst,tollivierho@usatoday.com
Arabelle,Non-binary,Jamia,Professor,ahannyhp@ehow.com
Eugine,Non-binary,Vitz,VP Marketing,ekowalskihq@homestead.com
Hussein,Non-binary,Plambee,Assistant Media Planner,hantonuccihr@reddit.com
Hamlen,Polygender,Blogtags,Librarian,hworboyhs@naver.com
Mitzi,Genderqueer,Voomm,Assistant Media Planner,mrendleht@livejournal.com
Loretta,Female,Pixope,Assistant Manager,lcourthu@1und1.de
Nick,Genderqueer,Yakidoo,VP Accounting,nlegricehv@privacy.gov.au
Cissiee,Male,Skyba,Software Test Engineer III,ckrienkehw@privacy.gov.au
Domeniga,Genderqueer,Meemm,Tax Accountant,ddewerkhx@sbwire.com
Minna,Non-binary,Dynabox,Nurse,mpudseyhy@facebook.com
Tresa,Polygender,Innotype,Human Resources Assistant III,tvargashz@usatoday.com
Daryl,Male,Cogibox,Software Test Engineer I,ddouglasi0@wikipedia.org
Alejoa,Bigender,Oyonder,Accountant IV,apavici1@storify.com
Delphine,Genderfluid,Latz,Structural Analysis Engineer,ddunbletoni2@amazon.de
Maegan,Non-binary,Jabbersphere,Legal Assistant,mbodessoni3@umn.edu
Batholomew,Agender,Vinte,Web Developer IV,bfairclothi4@wordpress.com
Bernette,Non-binary,Yombu,Research Nurse,blantaphi5@istockphoto.com
Heddie,Genderfluid,Gigashots,Clinical Specialist,hpendletoni6@home.pl
Afton,Male,Voomm,Analog Circuit Design manager,aslimmoni7@webeden.co.uk
Gradey,Non-binary,Kwilith,Structural Engineer,gleavesi8@seesaa.net
Heriberto,Bigender,Feedfire,Web Developer II,halvaroi9@dmoz.org
Hagan,Female,Jetwire,Senior Financial Analyst,hdallistonia@myspace.com
Pepita,Male,Camido,Analog Circuit Design manager,pschneidarib@csmonitor.com
Tamera,Genderfluid,Yambee,Food Chemist,tgerrenic@youku.com
Marijn,Non-binary,Flipstorm,Speech Pathologist,mmccoishid@dyndns.org
Evangelina,Bigender,Agimba,Structural Analysis Engineer,eblickie@dedecms.com
Sloane,Non-binary,Skynoodle,VP Product Management,stollerfieldif@pen.io
Sutherlan,Male,Centizu,Software Consultant,sbuttwellig@businesswire.com
King,Bigender,Centidel,Actuary,kbuscherih@dagondesign.com
Drud,Genderqueer,Trilia,Safety Technician I,djoiceii@alibaba.com
Roshelle,Non-binary,Einti,Information Systems Manager,rsimpsonij@blogger.com
Marnia,Male,Tambee,Senior Sales Associate,mteasik@rediff.com
Smith,Genderqueer,Dabtype,Staff Accountant II,slantiffeil@wikispaces.com
Marita,Male,Jetpulse,Professor,mhammerichim@wikia.com
Angela,Agender,Rhyzio,Quality Engineer,amateoin@ezinearticles.com
Benton,Polygender,Shuffletag,Human Resources Assistant II,bhurcombeio@slashdot.org
Jeni,Female,Photolist,Research Associate,jvanettiip@tripadvisor.com
Mata,Female,Gabtype,Research Associate,mlochheadiq@diigo.com
Elnora,Agender,Fiveclub,Operator,egayforthir@wisc.edu
Burty,Bigender,Skinix,Geological Engineer,bcarekis@vkontakte.ru
Mellisa,Genderfluid,Twitterwire,Software Test Engineer III,mkillimisterit@wikispaces.com
Sansone,Bigender,Jaxspan,Chemical Engineer,shailiu@live.com
Belicia,Polygender,Youfeed,Legal Assistant,bcordelliv@ibm.com
Lind,Female,Buzzdog,Developer IV,lallardyceiw@nature.com
Wendeline,Female,Rhyzio,Food Chemist,wwhitesideix@microsoft.com
Gracie,Genderqueer,Viva,VP Marketing,gfarreiliy@upenn.edu
Angelita,Non-binary,Muxo,Statistician II,avanyashiniz@sun.com
Em,Genderfluid,Trudoo,GIS Technical Architect,eblofeldj0@usgs.gov
Kristan,Female,Voonyx,Recruiting Manager,krycraftj1@vkontakte.ru
Parke,Bigender,Mydeo,Structural Analysis Engineer,pkundertj2@who.int
Justin,Genderqueer,Mita,VP Quality Control,jinwoodj3@naver.com
Viviana,Genderfluid,Youtags,Research Associate,vwakej4@irs.gov
Karlen,Genderfluid,Babbleopia,Research Assistant IV,kblenkinshipj5@google.it
Corrina,Male,Agimba,Budget/Accounting Analyst IV,cbouslerj6@comcast.net
Augustina,Bigender,Ozu,Recruiter,agatcliffj7@craigslist.org
Josee,Genderfluid,Leexo,Geological Engineer,jrulej8@t.co
Aundrea,Male,Meemm,Staff Accountant IV,asleetj9@mozilla.com
Hillel,Female,Camimbo,Research Assistant I,htimbridgeja@list-manage.com
Steffane,Agender,Agivu,VP Product Management,sandrieuxjb@printfriendly.com
Nikolas,Non-binary,Youtags,Tax Accountant,nrosenvasserjc@biglobe.ne.jp
Jeremias,Genderfluid,Zoombox,Geological Engineer,jmcculloughjd@issuu.com
Cilka,Genderqueer,Buzzdog,Associate Professor,cdeniseauje@census.gov
Hiram,Genderqueer,Mita,Occupational Therapist,hbonnyjf@ihg.com
Sanderson,Genderqueer,Yotz,Marketing Manager,sburgoinjg@is.gd
Ferrel,Male,Cogidoo,Marketing Assistant,finkpenjh@nih.gov
Meris,Agender,Wikivu,Director of Sales,mstileji@ox.ac.uk
Georgiana,Polygender,Zoombeat,Safety Technician I,gjaulmejj@1und1.de
Bethena,Genderqueer,Jabberstorm,VP Product Management,bbewickjk@networkadvertising.org
Alaric,Male,Topicstorm,Compensation Analyst,ahounsomjl@google.co.uk
Marillin,Genderqueer,Katz,Community Outreach Specialist,mpesterfieldjm@vk.com
Adriena,Genderfluid,Kamba,Compensation Analyst,agallandjn@unicef.org
Marlane,Genderqueer,Pixonyx,Marketing Assistant,mporteousjo@weebly.com
Raff,Bigender,Flipstorm,VP Marketing,rmacgiollapheadairjp@elegantthemes.com
Piotr,Genderfluid,Chatterbridge,Sales Associate,phugonetjq@unesco.org
Banky,Polygender,Bubblemix,Senior Financial Analyst,bwickeyjr@wikispaces.com
Lock,Bigender,Topicshots,Help Desk Operator,lgoodfellowejs@prlog.org
Jaquenette,Polygender,Livefish,VP Quality Control,jamysjt@elegantthemes.com
Fidela,Bigender,Jaxspan,Food Chemist,fvickju@dion.ne.jp
Helen-elizabeth,Non-binary,Zoomlounge,Payment Adjustment Coordinator,hcroneenjv@dell.com
Kirby,Polygender,Voonix,Professor,khirthjw@privacy.gov.au
Marget,Non-binary,Tambee,General Manager,mitzakjx@wunderground.com
Matelda,Polygender,Zoomcast,Web Developer II,mdrewetjy@deviantart.com
Sam,Male,Wikibox,Media Manager I,sbruckjz@msn.com
Thayne,Agender,Twitterbeat,VP Product Management,tgreimk0@unesco.org
Paton,Male,Blognation,Desktop Support Technician,ppickettk1@hubpages.com
Ransell,Bigender,Gabvine,Analyst Programmer,rfairsk2@stumbleupon.com
Dee dee,Agender,Bluezoom,Account Executive,darmatidgek3@jiathis.com
Kate,Non-binary,Yambee,Financial Analyst,kpirrik4@sogou.com
Karmen,Bigender,Meedoo,Research Nurse,kturnk5@yelp.com
Yuma,Genderfluid,Rhycero,Professor,yanthoniesk6@rakuten.co.jp
Candie,Polygender,Kimia,Automation Specialist II,ctwiddellk7@patch.com
Gayelord,Male,Yabox,Legal Assistant,gmarsiek8@indiegogo.com
Midge,Genderfluid,Podcat,Web Developer I,mwarrillowk9@pagesperso-orange.fr
Ginny,Genderfluid,Jatri,Statistician II,ggathwaiteka@irs.gov
Vince,Non-binary,Oozz,Physical Therapy Assistant,vcavozzikb@delicious.com
Petronella,Agender,Lazzy,Engineer III,pnattrisskc@ft.com
Orelia,Female,Skaboo,Geological Engineer,oadolfsenkd@domainmarket.com
Bobby,Genderqueer,Mynte,VP Accounting,bdawdryke@census.gov
Laetitia,Female,Gigabox,Research Assistant IV,ljanouchkf@google.com.au
Dickie,Agender,Photobug,Graphic Designer,dcreasekg@goo.ne.jp
Nicole,Non-binary,Avavee,Help Desk Technician,nmcmilliankh@hao123.com
Franklyn,Female,Photobean,VP Quality Control,fsegebrechtki@twitpic.com
Garrett,Genderfluid,Youfeed,VP Marketing,gberndsenkj@answers.com
Garik,Male,Gigabox,Clinical Specialist,gwitchkk@paypal.com
Tuesday,Bigender,Dabvine,Computer Systems Analyst III,tmullinkl@mozilla.com
Marcia,Bigender,Gabtype,Quality Control Specialist,mlavarackkm@google.com
Karalynn,Agender,Innojam,Office Assistant IV,kpolottikn@canalblog.com
Reid,Male,Kare,Web Developer II,rwoodyattko@naver.com
Krystal,Non-binary,Npath,Media Manager IV,kremmerkp@ask.com
Bernete,Non-binary,Pixoboo,Assistant Manager,bbootymankq@bandcamp.com
Madella,Male,Brainverse,Business Systems Development Analyst,mjurczakkr@histats.com
Bernardo,Agender,Eabox,Professor,bhovyks@live.com
Karry,Bigender,Livepath,Clinical Specialist,kcarlsonkt@simplemachines.org
Tiler,Female,Divanoodle,Graphic Designer,tslineyku@wsj.com
Immanuel,Agender,Lajo,Research Associate,ipollastrinokv@dailymotion.com
Korrie,Female,Yodo,Cost Accountant,klakekw@wix.com
Eldredge,Agender,Divape,Pharmacist,emastermankx@washingtonpost.com
Anet,Genderfluid,Skyble,Junior Executive,aredmilleky@tmall.com
Jeff,Agender,Tambee,Accounting Assistant IV,jcrocettokz@virginia.edu
Iggie,Bigender,Photolist,Accounting Assistant I,iodriscolll0@spiegel.de
Rod,Polygender,Katz,Teacher,rwhitlowl1@yahoo.co.jp
Dahlia,Polygender,Trilith,VP Marketing,dackermannl2@xrea.com
Valerie,Non-binary,Feedfish,Research Assistant I,vbradyl3@feedburner.com
Andie,Genderfluid,Bubbletube,Analog Circuit Design manager,akarpinskil4@narod.ru
Shelton,Female,Skinix,Automation Specialist IV,svilal5@nytimes.com
Claiborne,Bigender,Abata,Associate Professor,cpaulazzil6@about.me
Chandra,Male,Gabtype,Chemical Engineer,clangtryl7@bloglines.com
Malissia,Polygender,Aibox,Help Desk Operator,mdoohanl8@washington.edu
Allys,Agender,Demivee,Clinical Specialist,arogierl9@shareasale.com
Killie,Genderqueer,Twimm,Legal Assistant,kfassetla@apache.org
Margo,Non-binary,Fiveclub,Programmer III,mlittledykelb@adobe.com
Shina,Agender,Gevee,Pharmacist,scadelllc@zimbio.com
Roi,Female,Aivee,Librarian,rlowingld@freewebs.com
Wilow,Bigender,Meeveo,Chemical Engineer,wpettersle@elegantthemes.com
Tanitansy,Polygender,Avamba,Data Coordiator,tstampelf@opera.com
Mellisa,Non-binary,Einti,Nuclear Power Engineer,mofahertylg@youtu.be
Adolphe,Female,Topdrive,Internal Auditor,aarnleylh@google.co.jp
Birgit,Female,Dazzlesphere,Account Executive,bdomaschkeli@instagram.com
Anjanette,Non-binary,Mynte,Engineer IV,akingettlj@seattletimes.com
Karine,Bigender,Fanoodle,Librarian,kbourdaslk@ca.gov
Tyrus,Polygender,Quatz,Electrical Engineer,trubinovitschll@ezinearticles.com
Harlene,Genderfluid,Dynava,Tax Accountant,hkewardlm@devhub.com
Genni,Genderfluid,Dynazzy,Staff Scientist,ggoodieln@gov.uk
Cornelius,Non-binary,Tagfeed,Nurse,cleateslo@sina.com.cn
Wendeline,Non-binary,Yakidoo,Administrative Assistant II,whubachlp@geocities.com
Nance,Non-binary,Cogilith,Senior Editor,nmcdufflq@rediff.com
Nessi,Genderqueer,Zoovu,Recruiter,npardewlr@digg.com
Northrup,Non-binary,Skiptube,Social Worker,nlunals@youtu.be
Wilow,Female,Vinte,Professor,wtuplinlt@mapy.cz
Lilith,Male,Eayo,General Manager,loliveiralu@xing.com
Modestia,Polygender,Skinder,Assistant Manager,mpoweleelv@washington.edu
Lannie,Polygender,Edgewire,Tax Accountant,lcordierlw@fda.gov
Shaughn,Genderfluid,Meemm,Assistant Manager,shinrichsenlx@mail.ru
Edwin,Polygender,Yoveo,Paralegal,erosenfieldly@unblog.fr
Nani,Genderqueer,Rhynyx,Senior Quality Engineer,nmulmuraylz@icio.us
Essa,Genderqueer,Linkbuzz,Food Chemist,ebeamissm0@cdc.gov
Inge,Polygender,Oyoyo,Assistant Media Planner,iiacapuccim1@cafepress.com
Rae,Non-binary,Jabbersphere,Accountant I,rgrimsdellm2@taobao.com
Oneida,Agender,Topiclounge,Payment Adjustment Coordinator,ociottom3@accuweather.com
Waylen,Bigender,Photobean,Graphic Designer,wrhodesm4@mysql.com
Lucas,Genderfluid,Blogtags,Legal Assistant,lproctorm5@sogou.com
Katee,Female,Abata,Research Assistant II,krosgenm6@wunderground.com
Morse,Genderfluid,Jamia,Geologist III,mbarhamm7@blogger.com
Gena,Genderfluid,Realbuzz,Computer Systems Analyst IV,gfoardm8@friendfeed.com
Glennie,Polygender,Meembee,Teacher,gabrahartm9@mashable.com
Helli,Agender,Youspan,Junior Executive,htuffleyma@miibeian.gov.cn
Dirk,Non-binary,Jaxnation,Sales Representative,dmcnirlanmb@odnoklassniki.ru
Ermentrude,Genderfluid,Youopia,Financial Advisor,eingremc@narod.ru
Waly,Female,Brightbean,Tax Accountant,wwypermd@ted.com
Lizzy,Male,Edgeclub,Senior Cost Accountant,lgrzesiewiczme@smh.com.au
Jobye,Polygender,Quimba,Assistant Manager,jpantlinmf@xrea.com
Christophorus,Female,Shuffletag,Analyst Programmer,ccoviellomg@nydailynews.com
Kerr,Male,Kazu,Senior Editor,kcowtonmh@deviantart.com
Waverley,Bigender,Photobug,Operator,wllorensmi@wsj.com
Claribel,Non-binary,Quaxo,Automation Specialist I,cgrasmj@feedburner.com
Cassius,Agender,Edgewire,Occupational Therapist,cguyemk@mapquest.com
Brett,Genderqueer,Kimia,Recruiter,bsorelml@photobucket.com
Millie,Polygender,Trilith,Technical Writer,mjopsonmm@arizona.edu
Bamby,Agender,Bubbletube,Assistant Professor,bvallancemn@cdc.gov
Glen,Polygender,Thoughtmix,Analyst Programmer,gmcgiffiemo@deviantart.com
Joletta,Genderqueer,Fliptune,Paralegal,jgrimwademp@walmart.com
Donal,Bigender,Jabbercube,Financial Analyst,drowselmq@umn.edu
Carlos,Polygender,Edgeclub,VP Quality Control,csyriemr@mozilla.org
Francene,Female,Eidel,Administrative Assistant I,fhurworthms@joomla.org
Bartlet,Genderqueer,Skilith,Senior Sales Associate,bamortmt@domainmarket.com
Bridget,Polygender,Kwilith,Data Coordiator,bhaberjammu@soup.io
Augustine,Bigender,Vidoo,Research Nurse,acossermv@list-manage.com
Diann,Non-binary,Devpulse,Desktop Support Technician,ddinniesmw@moonfruit.com
Tabina,Agender,Skinder,Operator,tcollingwoodmx@tinyurl.com
Lisbeth,Female,Twinte,Registered Nurse,lmccrackanmy@ftc.gov
Charin,Female,Nlounge,Compensation Analyst,cstirzakermz@usgs.gov
Merrick,Female,Thoughtbridge,Engineer II,mpursen0@reverbnation.com
Red,Polygender,Twitterworks,Programmer Analyst III,rellwelln1@goo.ne.jp
Penny,Female,Trudeo,Electrical Engineer,pbessentn2@weebly.com
Lisle,Genderqueer,Yambee,Social Worker,lilyuchyovn3@rambler.ru
Gasparo,Female,Jabbertype,Internal Auditor,gconringn4@home.pl
Annette,Female,Oodoo,Mechanical Systems Engineer,abartramn5@blog.com
Minni,Genderfluid,Pixonyx,Payment Adjustment Coordinator,mdancern6@google.cn
Minetta,Male,Fadeo,Design Engineer,mmargerrisonn7@cnet.com
Sydel,Polygender,Jayo,Assistant Professor,sburgisen8@youku.com
Luca,Non-binary,Skaboo,Registered Nurse,lgilleonn9@shutterfly.com
Leigh,Non-binary,Jabbercube,Human Resources Assistant III,lmcmenamyna@samsung.com
Harwilll,Female,Topiczoom,Engineer IV,hextonnb@xrea.com
Ariela,Bigender,Geba,Paralegal,aodowlingnc@theatlantic.com
Fletcher,Polygender,Youfeed,Electrical Engineer,fanderernd@networksolutions.com
Kassi,Genderfluid,InnoZ,Software Engineer I,kleafene@tripod.com
Kellie,Genderqueer,Youbridge,Human Resources Manager,kfairlambnf@gmpg.org
Dorothee,Agender,Zoonoodle,Geologist II,dabramsking@economist.com
Sullivan,Non-binary,Shuffletag,Programmer Analyst II,sbarksnh@unicef.org
Skye,Genderfluid,Ntag,Director of Sales,smaysni@github.com
Toby,Agender,Feedspan,Staff Scientist,tclaringboldnj@fema.gov
Irv,Agender,Edgeify,Legal Assistant,ibenettellink@ameblo.jp
Etta,Genderfluid,Jayo,Chief Design Engineer,ebremleynl@netlog.com
Justen,Polygender,Bluejam,Business Systems Development Analyst,jvitallnm@blogspot.com
Addison,Polygender,Meevee,Quality Engineer,ageldefordnn@hubpages.com
Kamillah,Genderqueer,Jabberstorm,Quality Engineer,kclemowno@discovery.com
Kleon,Genderfluid,Voonder,Systems Administrator IV,kmcmenaminnp@dyndns.org
Erik,Male,Thoughtstorm,Speech Pathologist,emariollenq@utexas.edu
Keven,Male,Brightbean,Nuclear Power Engineer,kwintonnr@printfriendly.com
John,Genderfluid,Yamia,Design Engineer,jgreetlandns@seesaa.net
Hedi,Bigender,Eamia,Environmental Specialist,hmellernt@cdbaby.com
Alana,Female,Dynazzy,Physical Therapy Assistant,apersickenu@arizona.edu
Desiree,Female,Voonix,Safety Technician III,dbischofnv@privacy.gov.au
Jacquelin,Agender,Devbug,Senior Editor,jdownernw@salon.com
Albrecht,Agender,Voolia,Safety Technician I,aparmbynx@networkadvertising.org
Paco,Bigender,Realblab,Senior Developer,prafteryny@netlog.com
Sarajane,Polygender,Wikido,Software Engineer III,slardgenz@amazon.co.jp
Frasquito,Agender,Babbleopia,Assistant Professor,ffalko0@earthlink.net
Giacobo,Male,Vimbo,Product Engineer,gnarramoreo1@un.org
Clemence,Polygender,Kimia,Paralegal,cdavidouo2@businesswire.com
Timothy,Agender,Kwideo,Payment Adjustment Coordinator,tgamwello3@apple.com
Batholomew,Agender,Voolith,Registered Nurse,btissingtono4@hibu.com
Ignace,Non-binary,Trudeo,Operator,imcewano5@sourceforge.net
Anthe,Genderqueer,Blogtags,Senior Editor,agudgeo6@slashdot.org
Kelley,Female,Skinte,Senior Editor,ktreadgero7@artisteer.com
Joan,Female,Leexo,Administrative Officer,jeilherseno8@weebly.com
Gertrudis,Genderfluid,Edgeblab,Health Coach II,gmoweno9@webnode.com
Teri,Non-binary,Mymm,Software Test Engineer IV,tnormantoa@usnews.com
Merna,Genderfluid,Youtags,Recruiting Manager,mcraiseob@eventbrite.com
Katti,Female,Flipbug,Operator,klightbodyoc@studiopress.com
Hieronymus,Genderfluid,Meetz,Developer IV,hhindenbergerod@so-net.ne.jp
Ursulina,Male,Fiveclub,Health Coach III,umontgomeryoe@mozilla.org
Jeth,Polygender,Thoughtbridge,Structural Engineer,jgirvinof@a8.net
Natalee,Polygender,Oba,Information Systems Manager,nsollnerog@youtu.be
Johnathon,Female,Zoonoodle,Technical Writer,jmcgroutheroh@smugmug.com
Josh,Bigender,Skiba,Recruiting Manager,jleydenoi@joomla.org
Melvyn,Male,Tagopia,Help Desk Operator,mfranzkeoj@irs.gov
Pierrette,Polygender,Zoovu,Environmental Specialist,pmchargok@odnoklassniki.ru
Lola,Agender,Trudeo,Actuary,lfrostickol@gov.uk
Kandy,Non-binary,Browsebug,Statistician IV,ktunbridgeom@tmall.com
Levey,Agender,Shufflebeat,Pharmacist,lcaulketon@npr.org
Elisha,Non-binary,Tagfeed,Software Consultant,epriddleoo@sitemeter.com
Elva,Polygender,Einti,Technical Writer,eladsonop@wp.com
Darcey,Bigender,Katz,Sales Associate,dclilverdoq@eepurl.com
Garold,Non-binary,Linklinks,Recruiting Manager,gjovicevicor@is.gd
Coriss,Genderqueer,Voolia,Associate Professor,cmcaughtryos@livejournal.com
Culley,Female,Devbug,Help Desk Technician,csimonciniot@hexun.com
Baudoin,Genderqueer,Npath,Product Engineer,bdelacosteou@myspace.com
Diann,Genderqueer,Zoomdog,Editor,demeneyov@nifty.com
Mead,Male,Twitternation,VP Marketing,mguideraow@netlog.com
Talbert,Female,Jabbersphere,Sales Representative,tduxfieldox@surveymonkey.com
Anjanette,Non-binary,Flipbug,Recruiting Manager,alangranoy@toplist.cz
Grace,Female,Oozz,Chief Design Engineer,gwitherdenoz@illinois.edu
Antonin,Non-binary,Jetpulse,Structural Analysis Engineer,aiveaghp0@wisc.edu
Clemmy,Bigender,Topiczoom,Physical Therapy Assistant,cfenderp1@apple.com
Kippy,Non-binary,Photojam,Chemical Engineer,kjacobovitzp2@geocities.com
Archibold,Female,Brainbox,Automation Specialist IV,aredparthp3@163.com
Alleyn,Bigender,Meevee,Compensation Analyst,adriolip4@deliciousdays.com
Vania,Genderqueer,Snaptags,Help Desk Technician,vsnoxallp5@ucla.edu
Darius,Male,Quinu,Staff Accountant III,dtranp6@columbia.edu
Jacintha,Bigender,Dynabox,Research Nurse,jfurnissp7@cornell.edu
Janean,Genderfluid,Tazzy,Chemical Engineer,jfusedalep8@washingtonpost.com
Corliss,Non-binary,Photolist,Compensation Analyst,cchorltonp9@discuz.net
Pauline,Polygender,Gabtype,Editor,phaistwellpa@i2i.jp
Cloe,Non-binary,Oyoyo,Programmer II,caizikowitzpb@about.me
Lynnette,Female,Jabbertype,Actuary,ldrohanepc@taobao.com
Norah,Polygender,Zoomcast,Clinical Specialist,ncoultasspd@drupal.org
Cristal,Agender,Eabox,Office Assistant IV,cphilpaultpe@bing.com
Barnett,Genderfluid,Twitterworks,Accountant II,bfilovpf@sciencedaily.com
Domeniga,Genderqueer,Tazz,Human Resources Manager,daindriupg@github.io
Christiana,Polygender,Twitterlist,Compensation Analyst,cebourneph@qq.com
Nilson,Female,Mycat,Quality Control Specialist,nmathenpi@trellian.com
Deonne,Agender,Riffpedia,Help Desk Technician,dcullinpj@ft.com
Terry,Polygender,Skynoodle,Registered Nurse,tlaybournepk@rakuten.co.jp
Harley,Polygender,Jetwire,Web Designer IV,hchaperlingpl@amazon.co.uk
Mayor,Genderqueer,Divape,Automation Specialist IV,mludlempm@nationalgeographic.com
Cecily,Polygender,Wikibox,VP Sales,cbadmanpn@mac.com
Gabriellia,Genderqueer,Skyble,Mechanical Systems Engineer,gfroomepo@tmall.com
Phylys,Bigender,Edgeclub,Administrative Officer,pwrighthampp@fema.gov
Kermie,Polygender,Riffwire,Account Coordinator,khadwickpq@cnbc.com
Milt,Polygender,Oloo,Associate Professor,mmccunnpr@xrea.com
Frank,Genderfluid,Aimbu,Software Engineer III,fwoodworthps@businesswire.com
Olia,Genderqueer,Quire,Product Engineer,osedgemondpt@4shared.com
Hadrian,Female,Yacero,VP Marketing,hgrzesiewiczpu@mozilla.org
Hurlee,Polygender,Eamia,Accountant III,hpatnellipv@wunderground.com
Lionel,Agender,Yodoo,Staff Accountant IV,ledgesonpw@bluehost.com
Goldy,Male,Skipstorm,Computer Systems Analyst I,gcabottopx@nba.com
Vinny,Genderfluid,Blogpad,Staff Scientist,vbrotherspy@booking.com
Olivier,Genderfluid,Ntags,VP Marketing,odandreapz@liveinternet.ru
Tildie,Bigender,Flipstorm,Data Coordiator,thumphersonq0@hc360.com
Cherey,Male,Buzzshare,VP Product Management,cbignellq1@nsw.gov.au
Gaile,Genderfluid,Gabtune,Pharmacist,gwedgeq2@about.com
Amitie,Female,Ainyx,Junior Executive,awitteringq3@google.es
Laurent,Non-binary,Jaxworks,Automation Specialist I,lboeterq4@omniture.com
Audi,Agender,Photobean,Senior Developer,arozeq5@irs.gov
Anatollo,Male,Realbridge,Clinical Specialist,acattlemullq6@prlog.org
Jsandye,Bigender,Voonix,Quality Control Specialist,jeynonq7@spiegel.de
Eustacia,Genderqueer,Latz,Programmer Analyst I,esapenaq8@fema.gov
Fernando,Agender,Voonder,Data Coordiator,ftowsq9@nifty.com
Kelcie,Genderqueer,Rhyloo,Recruiter,knowlanqa@icio.us
Ned,Bigender,Devshare,Account Coordinator,nlathamqb@goo.ne.jp
Sharia,Female,Babblestorm,Structural Engineer,sraviliousqc@ask.com
Emlynn,Polygender,Innotype,Staff Accountant III,erickasseqd@dmoz.org
Haywood,Agender,Rhyzio,Geologist IV,hstreatfeildqe@123-reg.co.uk
Matilda,Bigender,Livepath,Desktop Support Technician,mstanerqf@jimdo.com
Sybyl,Genderqueer,Devify,Software Consultant,sgullaneqg@mozilla.org
Eldon,Male,Topiclounge,Assistant Manager,ebarbrickqh@adobe.com
Jo-anne,Male,Quinu,Database Administrator II,jconnealyqi@shareasale.com
Jessamyn,Female,Meevee,Computer Systems Analyst IV,jqueyosqj@businessweek.com
Melissa,Genderqueer,Devpulse,VP Product Management,mscaneqk@miitbeian.gov.cn
Dorolice,Polygender,Ooba,Food Chemist,dmathesonql@blogspot.com
Sibelle,Male,Fanoodle,Analyst Programmer,sendenqm@about.me
Chevy,Non-binary,Vitz,Safety Technician IV,csimnelqn@typepad.com
Kira,Polygender,Leenti,Executive Secretary,koppieqo@soup.io
Agace,Genderfluid,Realbuzz,VP Marketing,akellingqp@hubpages.com
Idette,Non-binary,Jazzy,Librarian,ijablonskiqq@behance.net
Beverley,Genderqueer,Gevee,Senior Developer,bhagerghamqr@51.la
Ade,Male,Quatz,Data Coordiator,avanceqs@feedburner.com
Brent,Genderfluid,Twitterworks,Quality Engineer,bmerittqt@hp.com
Enrico,Bigender,Flipopia,Analog Circuit Design manager,ebedrosianqu@soup.io
Vale,Bigender,Skidoo,Research Assistant II,vgrashaqv@creativecommons.org
Vale,Male,Avavee,Staff Accountant IV,valfonsoqw@diigo.com
Culver,Polygender,Centidel,Associate Professor,cpittamqx@engadget.com
Hewie,Polygender,Realbridge,Teacher,hjancsoqy@a8.net
Beulah,Genderfluid,Jaxspan,Food Chemist,bbinerqz@mtv.com
Base,Genderqueer,Lazzy,Assistant Professor,bkulisr0@eepurl.com
Thurston,Genderfluid,Kwideo,Clinical Specialist,tcodlinr1@jugem.jp
Larina,Polygender,Skivee,Sales Representative,lbathurstr2@parallels.com
Tabbitha,Female,Browsebug,Marketing Assistant,tkingzethr3@e-recht24.de
Andrea,Agender,Quatz,Senior Quality Engineer,asevierr4@guardian.co.uk
Hercule,Non-binary,Linkbuzz,Occupational Therapist,hkolyaginr5@weather.com
Lissa,Non-binary,Mynte,Director of Sales,llearoyder6@i2i.jp
Elvira,Agender,Yambee,Nuclear Power Engineer,etommisr7@gizmodo.com
Quentin,Agender,Camimbo,Structural Engineer,qslamakerr8@cbslocal.com
Hi,Bigender,Edgeclub,Marketing Manager,hlycettr9@themeforest.net
Glad,Non-binary,Skidoo,Assistant Media Planner,gspurrittra@altervista.org
Dulcinea,Genderfluid,Jabberstorm,Sales Associate,dhardsrb@guardian.co.uk
Cliff,Genderqueer,Cogidoo,Physical Therapy Assistant,cglayzerrc@wunderground.com
Alexandros,Non-binary,Izio,Accountant IV,anibleyrd@shutterfly.com
Townsend,Polygender,Mita,Senior Developer,twearre@youku.com
Monah,Bigender,Feedspan,Safety Technician I,msutherleyrf@dailymail.co.uk
Moll,Polygender,Mycat,Desktop Support Technician,mbernoletrg@fastcompany.com
Lotta,Agender,Talane,Software Engineer II,lwillersrh@java.com
Marven,Genderqueer,Chatterpoint,VP Quality Control,mraoultri@ebay.co.uk
Darb,Agender,Kamba,Programmer II,dbengallrj@sitemeter.com
Ingram,Agender,Realbuzz,Account Executive,iedelrk@cnn.com
Rafa,Agender,Devpulse,Cost Accountant,rcavillerl@hhs.gov
Allys,Agender,Photobean,Electrical Engineer,abollesrm@miibeian.gov.cn
Zane,Genderqueer,Minyx,Programmer I,zrenaultrn@issuu.com
Marianne,Genderqueer,Brainsphere,Health Coach III,mwalwoodro@dion.ne.jp
Zared,Bigender,Yotz,Statistician IV,zkyteleyrp@baidu.com
Sigfried,Agender,Ozu,VP Quality Control,sboostrq@blinklist.com
Butch,Agender,Browsecat,Systems Administrator I,bpelzrr@reddit.com
